antecedents,consequents,antecedent support,consequent support,support,confidence,lift,leverage,conviction,zhangs_metric
frozenset({'22865'}),frozenset({'22866'}),0.11135371179039301,0.12008733624454149,0.07205240174672489,0.6470588235294118,5.3882352941176475,0.058680231116874204,2.493085880640466,0.9164619164619164
frozenset({'22867'}),frozenset({'22866'}),0.09388646288209607,0.12008733624454149,0.056768558951965066,0.6046511627906977,5.035095137420719,0.04549398371503213,2.2256614436167483,0.8844300278035218
frozenset({'84029G'}),frozenset({'84029E'}),0.07860262008733625,0.08951965065502183,0.05895196506550218,0.75,8.378048780487806,0.05191548597471444,3.6419213973799125,0.9557661927330172
frozenset({'84029E'}),frozenset({'84029G'}),0.08951965065502183,0.07860262008733625,0.05895196506550218,0.6585365853658537,8.378048780487806,0.05191548597471444,2.6983780411728016,0.9672262190247801
frozenset({'84029G'}),frozenset({'85123A'}),0.07860262008733625,0.1222707423580786,0.05021834061135371,0.6388888888888888,5.225198412698413,0.04060753990198509,2.43063486731609,0.8776014836183804
